Original_Name	ImmPort_Name	New_Folder_Path
Compensation_AViD AmCyan_194.fcs	Compensation_AViD AmCyan_194.721484.fcs	NonTBAgs/20180207_OMIP14_Batch1/20180209_RSTR_NonTB_Atgns_Omip14_FCS
Compensation_CD107a PE Cy7_204.fcs	Compensation_CD107a PE Cy7_204.721485.fcs	NonTBAgs/20180207_OMIP14_Batch1/20180209_RSTR_NonTB_Atgns_Omip14_FCS
Compensation_CD154 PE Cy5_203.fcs	Compensation_CD154 PE Cy5_203.721486.fcs	NonTBAgs/20180207_OMIP14_Batch1/20180209_RSTR_NonTB_Atgns_Omip14_FCS
Compensation_CD3 ECD_195.fcs	Compensation_CD3 ECD_195.721487.fcs	NonTBAgs/20180207_OMIP14_Batch1/20180209_RSTR_NonTB_Atgns_Omip14_FCS
Compensation_CD4 APC Cy7_196.fcs	Compensation_CD4 APC Cy7_196.721488.fcs	NonTBAgs/20180207_OMIP14_Batch1/20180209_RSTR_NonTB_Atgns_Omip14_FCS
Compensation_CD8 PE (IL2)_198.fcs	Compensation_CD8 PE (IL2)_198.721489.fcs	NonTBAgs/20180207_OMIP14_Batch1/20180209_RSTR_NonTB_Atgns_Omip14_FCS
Compensation_CD8 PerCP Cy5-5_197.fcs	Compensation_CD8 PerCP Cy5-5_197.721490.fcs	NonTBAgs/20180207_OMIP14_Batch1/20180209_RSTR_NonTB_Atgns_Omip14_FCS
Compensation_GranzymeB Ax700 (IL17a)_202.fcs	Compensation_GranzymeB Ax700 (IL17a)_202.721491.fcs	NonTBAgs/20180207_OMIP14_Batch1/20180209_RSTR_NonTB_Atgns_Omip14_FCS
Compensation_HLA-DR APC (IL4)_199.fcs	Compensation_HLA-DR APC (IL4)_199.721492.fcs	NonTBAgs/20180207_OMIP14_Batch1/20180209_RSTR_NonTB_Atgns_Omip14_FCS
Compensation_IFNg V450_200.fcs	Compensation_IFNg V450_200.721493.fcs	NonTBAgs/20180207_OMIP14_Batch1/20180209_RSTR_NonTB_Atgns_Omip14_FCS
Compensation_TNF FITC_201.fcs	Compensation_TNF FITC_201.721494.fcs	NonTBAgs/20180207_OMIP14_Batch1/20180209_RSTR_NonTB_Atgns_Omip14_FCS
Compensation_Unstained_193.fcs	Compensation_Unstained_193.721495.fcs	NonTBAgs/20180207_OMIP14_Batch1/20180209_RSTR_NonTB_Atgns_Omip14_FCS
Specimen_001_A2_A02_002.fcs	Specimen_001_A2_A02_002.721483.fcs	NonTBAgs/20180207_OMIP14_Batch1/20180209_RSTR_NonTB_Atgns_Omip14_FCS
Specimen_001_A2_A02_034.fcs	Specimen_001_A2_A02_034.721511.fcs	NonTBAgs/20180207_OMIP14_Batch1/20180209_RSTR_NonTB_Atgns_Omip14_FCS
Specimen_001_A2_A02_098.fcs	Specimen_001_A2_A02_098.721543.fcs	NonTBAgs/20180207_OMIP14_Batch1/20180209_RSTR_NonTB_Atgns_Omip14_FCS
Specimen_001_A2_A02_162.fcs	Specimen_001_A2_A02_162.721563.fcs	NonTBAgs/20180207_OMIP14_Batch1/20180209_RSTR_NonTB_Atgns_Omip14_FCS
Specimen_001_A4_A04_004.fcs	Specimen_001_A4_A04_004.721496.fcs	NonTBAgs/20180207_OMIP14_Batch1/20180209_RSTR_NonTB_Atgns_Omip14_FCS
Specimen_001_A4_A04_036.fcs	Specimen_001_A4_A04_036.721512.fcs	NonTBAgs/20180207_OMIP14_Batch1/20180209_RSTR_NonTB_Atgns_Omip14_FCS
Specimen_001_A4_A04_100.fcs	Specimen_001_A4_A04_100.721544.fcs	NonTBAgs/20180207_OMIP14_Batch1/20180209_RSTR_NonTB_Atgns_Omip14_FCS
Specimen_001_A4_A04_164.fcs	Specimen_001_A4_A04_164.721564.fcs	NonTBAgs/20180207_OMIP14_Batch1/20180209_RSTR_NonTB_Atgns_Omip14_FCS
Specimen_001_A6_A06_006.fcs	Specimen_001_A6_A06_006.721497.fcs	NonTBAgs/20180207_OMIP14_Batch1/20180209_RSTR_NonTB_Atgns_Omip14_FCS
Specimen_001_A6_A06_038.fcs	Specimen_001_A6_A06_038.721513.fcs	NonTBAgs/20180207_OMIP14_Batch1/20180209_RSTR_NonTB_Atgns_Omip14_FCS
Specimen_001_A6_A06_102.fcs	Specimen_001_A6_A06_102.721545.fcs	NonTBAgs/20180207_OMIP14_Batch1/20180209_RSTR_NonTB_Atgns_Omip14_FCS
Specimen_001_A6_A06_166.fcs	Specimen_001_A6_A06_166.721565.fcs	NonTBAgs/20180207_OMIP14_Batch1/20180209_RSTR_NonTB_Atgns_Omip14_FCS
Specimen_001_A8_A08_008.fcs	Specimen_001_A8_A08_008.721498.fcs	NonTBAgs/20180207_OMIP14_Batch1/20180209_RSTR_NonTB_Atgns_Omip14_FCS
Specimen_001_A8_A08_040.fcs	Specimen_001_A8_A08_040.721514.fcs	NonTBAgs/20180207_OMIP14_Batch1/20180209_RSTR_NonTB_Atgns_Omip14_FCS
Specimen_001_A8_A08_104.fcs	Specimen_001_A8_A08_104.721546.fcs	NonTBAgs/20180207_OMIP14_Batch1/20180209_RSTR_NonTB_Atgns_Omip14_FCS
Specimen_001_A8_A08_168.fcs	Specimen_001_A8_A08_168.721566.fcs	NonTBAgs/20180207_OMIP14_Batch1/20180209_RSTR_NonTB_Atgns_Omip14_FCS
Specimen_001_B2_B02_010.fcs	Specimen_001_B2_B02_010.721499.fcs	NonTBAgs/20180207_OMIP14_Batch1/20180209_RSTR_NonTB_Atgns_Omip14_FCS
Specimen_001_B2_B02_042.fcs	Specimen_001_B2_B02_042.721515.fcs	NonTBAgs/20180207_OMIP14_Batch1/20180209_RSTR_NonTB_Atgns_Omip14_FCS
Specimen_001_B2_B02_106.fcs	Specimen_001_B2_B02_106.721547.fcs	NonTBAgs/20180207_OMIP14_Batch1/20180209_RSTR_NonTB_Atgns_Omip14_FCS
Specimen_001_B2_B02_170.fcs	Specimen_001_B2_B02_170.721567.fcs	NonTBAgs/20180207_OMIP14_Batch1/20180209_RSTR_NonTB_Atgns_Omip14_FCS
Specimen_001_B4_B04_012.fcs	Specimen_001_B4_B04_012.721500.fcs	NonTBAgs/20180207_OMIP14_Batch1/20180209_RSTR_NonTB_Atgns_Omip14_FCS
Specimen_001_B4_B04_044.fcs	Specimen_001_B4_B04_044.721516.fcs	NonTBAgs/20180207_OMIP14_Batch1/20180209_RSTR_NonTB_Atgns_Omip14_FCS
Specimen_001_B4_B04_108.fcs	Specimen_001_B4_B04_108.721548.fcs	NonTBAgs/20180207_OMIP14_Batch1/20180209_RSTR_NonTB_Atgns_Omip14_FCS
Specimen_001_B4_B04_172.fcs	Specimen_001_B4_B04_172.721568.fcs	NonTBAgs/20180207_OMIP14_Batch1/20180209_RSTR_NonTB_Atgns_Omip14_FCS
Specimen_001_B6_B06_014.fcs	Specimen_001_B6_B06_014.721501.fcs	NonTBAgs/20180207_OMIP14_Batch1/20180209_RSTR_NonTB_Atgns_Omip14_FCS
Specimen_001_B6_B06_046.fcs	Specimen_001_B6_B06_046.721517.fcs	NonTBAgs/20180207_OMIP14_Batch1/20180209_RSTR_NonTB_Atgns_Omip14_FCS
Specimen_001_B6_B06_110.fcs	Specimen_001_B6_B06_110.721549.fcs	NonTBAgs/20180207_OMIP14_Batch1/20180209_RSTR_NonTB_Atgns_Omip14_FCS
Specimen_001_B6_B06_174.fcs	Specimen_001_B6_B06_174.721569.fcs	NonTBAgs/20180207_OMIP14_Batch1/20180209_RSTR_NonTB_Atgns_Omip14_FCS
Specimen_001_B8_B08_016.fcs	Specimen_001_B8_B08_016.721502.fcs	NonTBAgs/20180207_OMIP14_Batch1/20180209_RSTR_NonTB_Atgns_Omip14_FCS
Specimen_001_B8_B08_048.fcs	Specimen_001_B8_B08_048.721518.fcs	NonTBAgs/20180207_OMIP14_Batch1/20180209_RSTR_NonTB_Atgns_Omip14_FCS
Specimen_001_B8_B08_112.fcs	Specimen_001_B8_B08_112.721550.fcs	NonTBAgs/20180207_OMIP14_Batch1/20180209_RSTR_NonTB_Atgns_Omip14_FCS
Specimen_001_B8_B08_176.fcs	Specimen_001_B8_B08_176.721570.fcs	NonTBAgs/20180207_OMIP14_Batch1/20180209_RSTR_NonTB_Atgns_Omip14_FCS
Specimen_001_C2_C02_018.fcs	Specimen_001_C2_C02_018.721503.fcs	NonTBAgs/20180207_OMIP14_Batch1/20180209_RSTR_NonTB_Atgns_Omip14_FCS
Specimen_001_C2_C02_050.fcs	Specimen_001_C2_C02_050.721519.fcs	NonTBAgs/20180207_OMIP14_Batch1/20180209_RSTR_NonTB_Atgns_Omip14_FCS
Specimen_001_C2_C02_114.fcs	Specimen_001_C2_C02_114.721551.fcs	NonTBAgs/20180207_OMIP14_Batch1/20180209_RSTR_NonTB_Atgns_Omip14_FCS
Specimen_001_C4_C04_020.fcs	Specimen_001_C4_C04_020.721504.fcs	NonTBAgs/20180207_OMIP14_Batch1/20180209_RSTR_NonTB_Atgns_Omip14_FCS
Specimen_001_C4_C04_052.fcs	Specimen_001_C4_C04_052.721520.fcs	NonTBAgs/20180207_OMIP14_Batch1/20180209_RSTR_NonTB_Atgns_Omip14_FCS
Specimen_001_C4_C04_116.fcs	Specimen_001_C4_C04_116.721552.fcs	NonTBAgs/20180207_OMIP14_Batch1/20180209_RSTR_NonTB_Atgns_Omip14_FCS
Specimen_001_C6_C06_022.fcs	Specimen_001_C6_C06_022.721505.fcs	NonTBAgs/20180207_OMIP14_Batch1/20180209_RSTR_NonTB_Atgns_Omip14_FCS
Specimen_001_C6_C06_054.fcs	Specimen_001_C6_C06_054.721521.fcs	NonTBAgs/20180207_OMIP14_Batch1/20180209_RSTR_NonTB_Atgns_Omip14_FCS
Specimen_001_C6_C06_118.fcs	Specimen_001_C6_C06_118.721553.fcs	NonTBAgs/20180207_OMIP14_Batch1/20180209_RSTR_NonTB_Atgns_Omip14_FCS
Specimen_001_C8_C08_024.fcs	Specimen_001_C8_C08_024.721506.fcs	NonTBAgs/20180207_OMIP14_Batch1/20180209_RSTR_NonTB_Atgns_Omip14_FCS
Specimen_001_C8_C08_056.fcs	Specimen_001_C8_C08_056.721522.fcs	NonTBAgs/20180207_OMIP14_Batch1/20180209_RSTR_NonTB_Atgns_Omip14_FCS
Specimen_001_C8_C08_120.fcs	Specimen_001_C8_C08_120.721554.fcs	NonTBAgs/20180207_OMIP14_Batch1/20180209_RSTR_NonTB_Atgns_Omip14_FCS
Specimen_001_D2_D02_026.fcs	Specimen_001_D2_D02_026.721507.fcs	NonTBAgs/20180207_OMIP14_Batch1/20180209_RSTR_NonTB_Atgns_Omip14_FCS
Specimen_001_D2_D02_058.fcs	Specimen_001_D2_D02_058.721523.fcs	NonTBAgs/20180207_OMIP14_Batch1/20180209_RSTR_NonTB_Atgns_Omip14_FCS
Specimen_001_D4_D04_028.fcs	Specimen_001_D4_D04_028.721508.fcs	NonTBAgs/20180207_OMIP14_Batch1/20180209_RSTR_NonTB_Atgns_Omip14_FCS
Specimen_001_D4_D04_060.fcs	Specimen_001_D4_D04_060.721524.fcs	NonTBAgs/20180207_OMIP14_Batch1/20180209_RSTR_NonTB_Atgns_Omip14_FCS
Specimen_001_D6_D06_030.fcs	Specimen_001_D6_D06_030.721509.fcs	NonTBAgs/20180207_OMIP14_Batch1/20180209_RSTR_NonTB_Atgns_Omip14_FCS
Specimen_001_D6_D06_062.fcs	Specimen_001_D6_D06_062.721525.fcs	NonTBAgs/20180207_OMIP14_Batch1/20180209_RSTR_NonTB_Atgns_Omip14_FCS
Specimen_001_D8_D08_032.fcs	Specimen_001_D8_D08_032.721510.fcs	NonTBAgs/20180207_OMIP14_Batch1/20180209_RSTR_NonTB_Atgns_Omip14_FCS
Specimen_001_D8_D08_064.fcs	Specimen_001_D8_D08_064.721526.fcs	NonTBAgs/20180207_OMIP14_Batch1/20180209_RSTR_NonTB_Atgns_Omip14_FCS
Specimen_001_E2_E02_066.fcs	Specimen_001_E2_E02_066.721527.fcs	NonTBAgs/20180207_OMIP14_Batch1/20180209_RSTR_NonTB_Atgns_Omip14_FCS
Specimen_001_E4_E04_068.fcs	Specimen_001_E4_E04_068.721528.fcs	NonTBAgs/20180207_OMIP14_Batch1/20180209_RSTR_NonTB_Atgns_Omip14_FCS
Specimen_001_E6_E06_070.fcs	Specimen_001_E6_E06_070.721529.fcs	NonTBAgs/20180207_OMIP14_Batch1/20180209_RSTR_NonTB_Atgns_Omip14_FCS
Specimen_001_E8_E08_072.fcs	Specimen_001_E8_E08_072.721530.fcs	NonTBAgs/20180207_OMIP14_Batch1/20180209_RSTR_NonTB_Atgns_Omip14_FCS
Specimen_001_F2_F02_074.fcs	Specimen_001_F2_F02_074.721531.fcs	NonTBAgs/20180207_OMIP14_Batch1/20180209_RSTR_NonTB_Atgns_Omip14_FCS
Specimen_001_F4_F04_076.fcs	Specimen_001_F4_F04_076.721532.fcs	NonTBAgs/20180207_OMIP14_Batch1/20180209_RSTR_NonTB_Atgns_Omip14_FCS
Specimen_001_F6_F06_078.fcs	Specimen_001_F6_F06_078.721533.fcs	NonTBAgs/20180207_OMIP14_Batch1/20180209_RSTR_NonTB_Atgns_Omip14_FCS
Specimen_001_F8_F08_080.fcs	Specimen_001_F8_F08_080.721534.fcs	NonTBAgs/20180207_OMIP14_Batch1/20180209_RSTR_NonTB_Atgns_Omip14_FCS
Specimen_001_G2_G02_082.fcs	Specimen_001_G2_G02_082.721535.fcs	NonTBAgs/20180207_OMIP14_Batch1/20180209_RSTR_NonTB_Atgns_Omip14_FCS
Specimen_001_G2_G02_146.fcs	Specimen_001_G2_G02_146.721555.fcs	NonTBAgs/20180207_OMIP14_Batch1/20180209_RSTR_NonTB_Atgns_Omip14_FCS
Specimen_001_G4_G04_084.fcs	Specimen_001_G4_G04_084.721536.fcs	NonTBAgs/20180207_OMIP14_Batch1/20180209_RSTR_NonTB_Atgns_Omip14_FCS
Specimen_001_G4_G04_148.fcs	Specimen_001_G4_G04_148.721556.fcs	NonTBAgs/20180207_OMIP14_Batch1/20180209_RSTR_NonTB_Atgns_Omip14_FCS
Specimen_001_G6_G06_086.fcs	Specimen_001_G6_G06_086.721537.fcs	NonTBAgs/20180207_OMIP14_Batch1/20180209_RSTR_NonTB_Atgns_Omip14_FCS
Specimen_001_G6_G06_150.fcs	Specimen_001_G6_G06_150.721557.fcs	NonTBAgs/20180207_OMIP14_Batch1/20180209_RSTR_NonTB_Atgns_Omip14_FCS
Specimen_001_G8_G08_088.fcs	Specimen_001_G8_G08_088.721538.fcs	NonTBAgs/20180207_OMIP14_Batch1/20180209_RSTR_NonTB_Atgns_Omip14_FCS
Specimen_001_G8_G08_152.fcs	Specimen_001_G8_G08_152.721558.fcs	NonTBAgs/20180207_OMIP14_Batch1/20180209_RSTR_NonTB_Atgns_Omip14_FCS
Specimen_001_H2_H02_090.fcs	Specimen_001_H2_H02_090.721539.fcs	NonTBAgs/20180207_OMIP14_Batch1/20180209_RSTR_NonTB_Atgns_Omip14_FCS
Specimen_001_H2_H02_154.fcs	Specimen_001_H2_H02_154.721559.fcs	NonTBAgs/20180207_OMIP14_Batch1/20180209_RSTR_NonTB_Atgns_Omip14_FCS
Specimen_001_H4_H04_092.fcs	Specimen_001_H4_H04_092.721540.fcs	NonTBAgs/20180207_OMIP14_Batch1/20180209_RSTR_NonTB_Atgns_Omip14_FCS
Specimen_001_H4_H04_156.fcs	Specimen_001_H4_H04_156.721560.fcs	NonTBAgs/20180207_OMIP14_Batch1/20180209_RSTR_NonTB_Atgns_Omip14_FCS
Specimen_001_H6_H06_094.fcs	Specimen_001_H6_H06_094.721541.fcs	NonTBAgs/20180207_OMIP14_Batch1/20180209_RSTR_NonTB_Atgns_Omip14_FCS
Specimen_001_H6_H06_158.fcs	Specimen_001_H6_H06_158.721561.fcs	NonTBAgs/20180207_OMIP14_Batch1/20180209_RSTR_NonTB_Atgns_Omip14_FCS
Specimen_001_H8_H08_096.fcs	Specimen_001_H8_H08_096.721542.fcs	NonTBAgs/20180207_OMIP14_Batch1/20180209_RSTR_NonTB_Atgns_Omip14_FCS
Specimen_001_H8_H08_160.fcs	Specimen_001_H8_H08_160.721562.fcs	NonTBAgs/20180207_OMIP14_Batch1/20180209_RSTR_NonTB_Atgns_Omip14_FCS
Compensation_AViD AmCyan_202.fcs	Compensation_AViD AmCyan_202.721723.fcs	NonTBAgs/20180214_OMIP14_Batch2/20180216_RSTR_NonTB_Atgns_Omip14_FCS
Compensation_CD107a PE Cy7_212.fcs	Compensation_CD107a PE Cy7_212.721724.fcs	NonTBAgs/20180214_OMIP14_Batch2/20180216_RSTR_NonTB_Atgns_Omip14_FCS
Compensation_CD154 PE Cy5_211.fcs	Compensation_CD154 PE Cy5_211.721725.fcs	NonTBAgs/20180214_OMIP14_Batch2/20180216_RSTR_NonTB_Atgns_Omip14_FCS
Compensation_CD3 ECD_203.fcs	Compensation_CD3 ECD_203.721726.fcs	NonTBAgs/20180214_OMIP14_Batch2/20180216_RSTR_NonTB_Atgns_Omip14_FCS
Compensation_CD4 APC Cy7_204.fcs	Compensation_CD4 APC Cy7_204.721727.fcs	NonTBAgs/20180214_OMIP14_Batch2/20180216_RSTR_NonTB_Atgns_Omip14_FCS
Compensation_CD8 PE (IL2)_206.fcs	Compensation_CD8 PE (IL2)_206.721728.fcs	NonTBAgs/20180214_OMIP14_Batch2/20180216_RSTR_NonTB_Atgns_Omip14_FCS
Compensation_CD8 PerCP Cy5-5_205.fcs	Compensation_CD8 PerCP Cy5-5_205.721729.fcs	NonTBAgs/20180214_OMIP14_Batch2/20180216_RSTR_NonTB_Atgns_Omip14_FCS
Compensation_GranzymeB Ax700 (IL17a)_210.fcs	Compensation_GranzymeB Ax700 (IL17a)_210.721730.fcs	NonTBAgs/20180214_OMIP14_Batch2/20180216_RSTR_NonTB_Atgns_Omip14_FCS
Compensation_HLA-DR APC (IL4)_207.fcs	Compensation_HLA-DR APC (IL4)_207.721731.fcs	NonTBAgs/20180214_OMIP14_Batch2/20180216_RSTR_NonTB_Atgns_Omip14_FCS
Compensation_IFNg V450_208.fcs	Compensation_IFNg V450_208.721732.fcs	NonTBAgs/20180214_OMIP14_Batch2/20180216_RSTR_NonTB_Atgns_Omip14_FCS
Compensation_TNF FITC_209.fcs	Compensation_TNF FITC_209.721733.fcs	NonTBAgs/20180214_OMIP14_Batch2/20180216_RSTR_NonTB_Atgns_Omip14_FCS
Compensation_Unstained_201.fcs	Compensation_Unstained_201.721734.fcs	NonTBAgs/20180214_OMIP14_Batch2/20180216_RSTR_NonTB_Atgns_Omip14_FCS
Specimen_001_A2_A02_002.fcs	Specimen_001_A2_A02_002.721722.fcs	NonTBAgs/20180214_OMIP14_Batch2/20180216_RSTR_NonTB_Atgns_Omip14_FCS
Specimen_001_A2_A02_034.fcs	Specimen_001_A2_A02_034.721750.fcs	NonTBAgs/20180214_OMIP14_Batch2/20180216_RSTR_NonTB_Atgns_Omip14_FCS
Specimen_001_A2_A02_098.fcs	Specimen_001_A2_A02_098.721782.fcs	NonTBAgs/20180214_OMIP14_Batch2/20180216_RSTR_NonTB_Atgns_Omip14_FCS
Specimen_001_A2_A02_162.fcs	Specimen_001_A2_A02_162.721810.fcs	NonTBAgs/20180214_OMIP14_Batch2/20180216_RSTR_NonTB_Atgns_Omip14_FCS
Specimen_001_A4_A04_004.fcs	Specimen_001_A4_A04_004.721735.fcs	NonTBAgs/20180214_OMIP14_Batch2/20180216_RSTR_NonTB_Atgns_Omip14_FCS
Specimen_001_A4_A04_036.fcs	Specimen_001_A4_A04_036.721751.fcs	NonTBAgs/20180214_OMIP14_Batch2/20180216_RSTR_NonTB_Atgns_Omip14_FCS
Specimen_001_A4_A04_100.fcs	Specimen_001_A4_A04_100.721783.fcs	NonTBAgs/20180214_OMIP14_Batch2/20180216_RSTR_NonTB_Atgns_Omip14_FCS
Specimen_001_A4_A04_164.fcs	Specimen_001_A4_A04_164.721811.fcs	NonTBAgs/20180214_OMIP14_Batch2/20180216_RSTR_NonTB_Atgns_Omip14_FCS
Specimen_001_A6_A06_006.fcs	Specimen_001_A6_A06_006.721736.fcs	NonTBAgs/20180214_OMIP14_Batch2/20180216_RSTR_NonTB_Atgns_Omip14_FCS
Specimen_001_A6_A06_038.fcs	Specimen_001_A6_A06_038.721752.fcs	NonTBAgs/20180214_OMIP14_Batch2/20180216_RSTR_NonTB_Atgns_Omip14_FCS
Specimen_001_A6_A06_102.fcs	Specimen_001_A6_A06_102.721784.fcs	NonTBAgs/20180214_OMIP14_Batch2/20180216_RSTR_NonTB_Atgns_Omip14_FCS
Specimen_001_A6_A06_166.fcs	Specimen_001_A6_A06_166.721812.fcs	NonTBAgs/20180214_OMIP14_Batch2/20180216_RSTR_NonTB_Atgns_Omip14_FCS
Specimen_001_A8_A08_008.fcs	Specimen_001_A8_A08_008.721737.fcs	NonTBAgs/20180214_OMIP14_Batch2/20180216_RSTR_NonTB_Atgns_Omip14_FCS
Specimen_001_A8_A08_040.fcs	Specimen_001_A8_A08_040.721753.fcs	NonTBAgs/20180214_OMIP14_Batch2/20180216_RSTR_NonTB_Atgns_Omip14_FCS
Specimen_001_A8_A08_104.fcs	Specimen_001_A8_A08_104.721785.fcs	NonTBAgs/20180214_OMIP14_Batch2/20180216_RSTR_NonTB_Atgns_Omip14_FCS
Specimen_001_A8_A08_168.fcs	Specimen_001_A8_A08_168.721813.fcs	NonTBAgs/20180214_OMIP14_Batch2/20180216_RSTR_NonTB_Atgns_Omip14_FCS
Specimen_001_B2_B02_010.fcs	Specimen_001_B2_B02_010.721738.fcs	NonTBAgs/20180214_OMIP14_Batch2/20180216_RSTR_NonTB_Atgns_Omip14_FCS
Specimen_001_B2_B02_042.fcs	Specimen_001_B2_B02_042.721754.fcs	NonTBAgs/20180214_OMIP14_Batch2/20180216_RSTR_NonTB_Atgns_Omip14_FCS
Specimen_001_B2_B02_106.fcs	Specimen_001_B2_B02_106.721786.fcs	NonTBAgs/20180214_OMIP14_Batch2/20180216_RSTR_NonTB_Atgns_Omip14_FCS
Specimen_001_B2_B02_170.fcs	Specimen_001_B2_B02_170.721814.fcs	NonTBAgs/20180214_OMIP14_Batch2/20180216_RSTR_NonTB_Atgns_Omip14_FCS
Specimen_001_B4_B04_012.fcs	Specimen_001_B4_B04_012.721739.fcs	NonTBAgs/20180214_OMIP14_Batch2/20180216_RSTR_NonTB_Atgns_Omip14_FCS
Specimen_001_B4_B04_044.fcs	Specimen_001_B4_B04_044.721755.fcs	NonTBAgs/20180214_OMIP14_Batch2/20180216_RSTR_NonTB_Atgns_Omip14_FCS
Specimen_001_B4_B04_108.fcs	Specimen_001_B4_B04_108.721787.fcs	NonTBAgs/20180214_OMIP14_Batch2/20180216_RSTR_NonTB_Atgns_Omip14_FCS
Specimen_001_B4_B04_172.fcs	Specimen_001_B4_B04_172.721815.fcs	NonTBAgs/20180214_OMIP14_Batch2/20180216_RSTR_NonTB_Atgns_Omip14_FCS
Specimen_001_B6_B06_014.fcs	Specimen_001_B6_B06_014.721740.fcs	NonTBAgs/20180214_OMIP14_Batch2/20180216_RSTR_NonTB_Atgns_Omip14_FCS
Specimen_001_B6_B06_046.fcs	Specimen_001_B6_B06_046.721756.fcs	NonTBAgs/20180214_OMIP14_Batch2/20180216_RSTR_NonTB_Atgns_Omip14_FCS
Specimen_001_B6_B06_110.fcs	Specimen_001_B6_B06_110.721788.fcs	NonTBAgs/20180214_OMIP14_Batch2/20180216_RSTR_NonTB_Atgns_Omip14_FCS
Specimen_001_B6_B06_174.fcs	Specimen_001_B6_B06_174.721816.fcs	NonTBAgs/20180214_OMIP14_Batch2/20180216_RSTR_NonTB_Atgns_Omip14_FCS
Specimen_001_B8_B08_016.fcs	Specimen_001_B8_B08_016.721741.fcs	NonTBAgs/20180214_OMIP14_Batch2/20180216_RSTR_NonTB_Atgns_Omip14_FCS
Specimen_001_B8_B08_048.fcs	Specimen_001_B8_B08_048.721757.fcs	NonTBAgs/20180214_OMIP14_Batch2/20180216_RSTR_NonTB_Atgns_Omip14_FCS
Specimen_001_B8_B08_112.fcs	Specimen_001_B8_B08_112.721789.fcs	NonTBAgs/20180214_OMIP14_Batch2/20180216_RSTR_NonTB_Atgns_Omip14_FCS
Specimen_001_B8_B08_176.fcs	Specimen_001_B8_B08_176.721817.fcs	NonTBAgs/20180214_OMIP14_Batch2/20180216_RSTR_NonTB_Atgns_Omip14_FCS
Specimen_001_C2_C02_018.fcs	Specimen_001_C2_C02_018.721742.fcs	NonTBAgs/20180214_OMIP14_Batch2/20180216_RSTR_NonTB_Atgns_Omip14_FCS
Specimen_001_C2_C02_050.fcs	Specimen_001_C2_C02_050.721758.fcs	NonTBAgs/20180214_OMIP14_Batch2/20180216_RSTR_NonTB_Atgns_Omip14_FCS
Specimen_001_C2_C02_114.fcs	Specimen_001_C2_C02_114.721790.fcs	NonTBAgs/20180214_OMIP14_Batch2/20180216_RSTR_NonTB_Atgns_Omip14_FCS
Specimen_001_C2_C02_178.fcs	Specimen_001_C2_C02_178.721818.fcs	NonTBAgs/20180214_OMIP14_Batch2/20180216_RSTR_NonTB_Atgns_Omip14_FCS
Specimen_001_C4_C04_020.fcs	Specimen_001_C4_C04_020.721743.fcs	NonTBAgs/20180214_OMIP14_Batch2/20180216_RSTR_NonTB_Atgns_Omip14_FCS
Specimen_001_C4_C04_052.fcs	Specimen_001_C4_C04_052.721759.fcs	NonTBAgs/20180214_OMIP14_Batch2/20180216_RSTR_NonTB_Atgns_Omip14_FCS
Specimen_001_C4_C04_116.fcs	Specimen_001_C4_C04_116.721791.fcs	NonTBAgs/20180214_OMIP14_Batch2/20180216_RSTR_NonTB_Atgns_Omip14_FCS
Specimen_001_C4_C04_180.fcs	Specimen_001_C4_C04_180.721819.fcs	NonTBAgs/20180214_OMIP14_Batch2/20180216_RSTR_NonTB_Atgns_Omip14_FCS
Specimen_001_C6_C06_022.fcs	Specimen_001_C6_C06_022.721744.fcs	NonTBAgs/20180214_OMIP14_Batch2/20180216_RSTR_NonTB_Atgns_Omip14_FCS
Specimen_001_C6_C06_054.fcs	Specimen_001_C6_C06_054.721760.fcs	NonTBAgs/20180214_OMIP14_Batch2/20180216_RSTR_NonTB_Atgns_Omip14_FCS
Specimen_001_C6_C06_118.fcs	Specimen_001_C6_C06_118.721792.fcs	NonTBAgs/20180214_OMIP14_Batch2/20180216_RSTR_NonTB_Atgns_Omip14_FCS
Specimen_001_C6_C06_182.fcs	Specimen_001_C6_C06_182.721820.fcs	NonTBAgs/20180214_OMIP14_Batch2/20180216_RSTR_NonTB_Atgns_Omip14_FCS
Specimen_001_C8_C08_024.fcs	Specimen_001_C8_C08_024.721745.fcs	NonTBAgs/20180214_OMIP14_Batch2/20180216_RSTR_NonTB_Atgns_Omip14_FCS
Specimen_001_C8_C08_056.fcs	Specimen_001_C8_C08_056.721761.fcs	NonTBAgs/20180214_OMIP14_Batch2/20180216_RSTR_NonTB_Atgns_Omip14_FCS
Specimen_001_C8_C08_120.fcs	Specimen_001_C8_C08_120.721793.fcs	NonTBAgs/20180214_OMIP14_Batch2/20180216_RSTR_NonTB_Atgns_Omip14_FCS
Specimen_001_C8_C08_184.fcs	Specimen_001_C8_C08_184.721821.fcs	NonTBAgs/20180214_OMIP14_Batch2/20180216_RSTR_NonTB_Atgns_Omip14_FCS
Specimen_001_D2_D02_026.fcs	Specimen_001_D2_D02_026.721746.fcs	NonTBAgs/20180214_OMIP14_Batch2/20180216_RSTR_NonTB_Atgns_Omip14_FCS
Specimen_001_D2_D02_058.fcs	Specimen_001_D2_D02_058.721762.fcs	NonTBAgs/20180214_OMIP14_Batch2/20180216_RSTR_NonTB_Atgns_Omip14_FCS
Specimen_001_D2_D02_122.fcs	Specimen_001_D2_D02_122.721794.fcs	NonTBAgs/20180214_OMIP14_Batch2/20180216_RSTR_NonTB_Atgns_Omip14_FCS
Specimen_001_D2_D02_186.fcs	Specimen_001_D2_D02_186.721822.fcs	NonTBAgs/20180214_OMIP14_Batch2/20180216_RSTR_NonTB_Atgns_Omip14_FCS
Specimen_001_D4_D04_028.fcs	Specimen_001_D4_D04_028.721747.fcs	NonTBAgs/20180214_OMIP14_Batch2/20180216_RSTR_NonTB_Atgns_Omip14_FCS
Specimen_001_D4_D04_060.fcs	Specimen_001_D4_D04_060.721763.fcs	NonTBAgs/20180214_OMIP14_Batch2/20180216_RSTR_NonTB_Atgns_Omip14_FCS
Specimen_001_D4_D04_124.fcs	Specimen_001_D4_D04_124.721795.fcs	NonTBAgs/20180214_OMIP14_Batch2/20180216_RSTR_NonTB_Atgns_Omip14_FCS
Specimen_001_D4_D04_188.fcs	Specimen_001_D4_D04_188.721823.fcs	NonTBAgs/20180214_OMIP14_Batch2/20180216_RSTR_NonTB_Atgns_Omip14_FCS
Specimen_001_D6_D06_030.fcs	Specimen_001_D6_D06_030.721748.fcs	NonTBAgs/20180214_OMIP14_Batch2/20180216_RSTR_NonTB_Atgns_Omip14_FCS
Specimen_001_D6_D06_062.fcs	Specimen_001_D6_D06_062.721764.fcs	NonTBAgs/20180214_OMIP14_Batch2/20180216_RSTR_NonTB_Atgns_Omip14_FCS
Specimen_001_D6_D06_126.fcs	Specimen_001_D6_D06_126.721796.fcs	NonTBAgs/20180214_OMIP14_Batch2/20180216_RSTR_NonTB_Atgns_Omip14_FCS
Specimen_001_D6_D06_190.fcs	Specimen_001_D6_D06_190.721824.fcs	NonTBAgs/20180214_OMIP14_Batch2/20180216_RSTR_NonTB_Atgns_Omip14_FCS
Specimen_001_D8_D08_032.fcs	Specimen_001_D8_D08_032.721749.fcs	NonTBAgs/20180214_OMIP14_Batch2/20180216_RSTR_NonTB_Atgns_Omip14_FCS
Specimen_001_D8_D08_064.fcs	Specimen_001_D8_D08_064.721765.fcs	NonTBAgs/20180214_OMIP14_Batch2/20180216_RSTR_NonTB_Atgns_Omip14_FCS
Specimen_001_D8_D08_128.fcs	Specimen_001_D8_D08_128.721797.fcs	NonTBAgs/20180214_OMIP14_Batch2/20180216_RSTR_NonTB_Atgns_Omip14_FCS
Specimen_001_D8_D08_192.fcs	Specimen_001_D8_D08_192.721825.fcs	NonTBAgs/20180214_OMIP14_Batch2/20180216_RSTR_NonTB_Atgns_Omip14_FCS
Specimen_001_E2_E02_066.fcs	Specimen_001_E2_E02_066.721766.fcs	NonTBAgs/20180214_OMIP14_Batch2/20180216_RSTR_NonTB_Atgns_Omip14_FCS
Specimen_001_E2_E02_130.fcs	Specimen_001_E2_E02_130.721798.fcs	NonTBAgs/20180214_OMIP14_Batch2/20180216_RSTR_NonTB_Atgns_Omip14_FCS
Specimen_001_E4_E04_068.fcs	Specimen_001_E4_E04_068.721767.fcs	NonTBAgs/20180214_OMIP14_Batch2/20180216_RSTR_NonTB_Atgns_Omip14_FCS
Specimen_001_E4_E04_132.fcs	Specimen_001_E4_E04_132.721799.fcs	NonTBAgs/20180214_OMIP14_Batch2/20180216_RSTR_NonTB_Atgns_Omip14_FCS
Specimen_001_E6_E06_070.fcs	Specimen_001_E6_E06_070.721768.fcs	NonTBAgs/20180214_OMIP14_Batch2/20180216_RSTR_NonTB_Atgns_Omip14_FCS
Specimen_001_E6_E06_134.fcs	Specimen_001_E6_E06_134.721800.fcs	NonTBAgs/20180214_OMIP14_Batch2/20180216_RSTR_NonTB_Atgns_Omip14_FCS
Specimen_001_E8_E08_072.fcs	Specimen_001_E8_E08_072.721769.fcs	NonTBAgs/20180214_OMIP14_Batch2/20180216_RSTR_NonTB_Atgns_Omip14_FCS
Specimen_001_E8_E08_136.fcs	Specimen_001_E8_E08_136.721801.fcs	NonTBAgs/20180214_OMIP14_Batch2/20180216_RSTR_NonTB_Atgns_Omip14_FCS
Specimen_001_F2_F02_074.fcs	Specimen_001_F2_F02_074.721770.fcs	NonTBAgs/20180214_OMIP14_Batch2/20180216_RSTR_NonTB_Atgns_Omip14_FCS
Specimen_001_F4_F04_076.fcs	Specimen_001_F4_F04_076.721771.fcs	NonTBAgs/20180214_OMIP14_Batch2/20180216_RSTR_NonTB_Atgns_Omip14_FCS
Specimen_001_F6_F06_078.fcs	Specimen_001_F6_F06_078.721772.fcs	NonTBAgs/20180214_OMIP14_Batch2/20180216_RSTR_NonTB_Atgns_Omip14_FCS
Specimen_001_F8_F08_080.fcs	Specimen_001_F8_F08_080.721773.fcs	NonTBAgs/20180214_OMIP14_Batch2/20180216_RSTR_NonTB_Atgns_Omip14_FCS
Specimen_001_G2_G02_082.fcs	Specimen_001_G2_G02_082.721774.fcs	NonTBAgs/20180214_OMIP14_Batch2/20180216_RSTR_NonTB_Atgns_Omip14_FCS
Specimen_001_G2_G02_146.fcs	Specimen_001_G2_G02_146.721802.fcs	NonTBAgs/20180214_OMIP14_Batch2/20180216_RSTR_NonTB_Atgns_Omip14_FCS
Specimen_001_G4_G04_084.fcs	Specimen_001_G4_G04_084.721775.fcs	NonTBAgs/20180214_OMIP14_Batch2/20180216_RSTR_NonTB_Atgns_Omip14_FCS
Specimen_001_G4_G04_148.fcs	Specimen_001_G4_G04_148.721803.fcs	NonTBAgs/20180214_OMIP14_Batch2/20180216_RSTR_NonTB_Atgns_Omip14_FCS
Specimen_001_G6_G06_086.fcs	Specimen_001_G6_G06_086.721776.fcs	NonTBAgs/20180214_OMIP14_Batch2/20180216_RSTR_NonTB_Atgns_Omip14_FCS
Specimen_001_G6_G06_150.fcs	Specimen_001_G6_G06_150.721804.fcs	NonTBAgs/20180214_OMIP14_Batch2/20180216_RSTR_NonTB_Atgns_Omip14_FCS
Specimen_001_G8_G08_088.fcs	Specimen_001_G8_G08_088.721777.fcs	NonTBAgs/20180214_OMIP14_Batch2/20180216_RSTR_NonTB_Atgns_Omip14_FCS
Specimen_001_G8_G08_152.fcs	Specimen_001_G8_G08_152.721805.fcs	NonTBAgs/20180214_OMIP14_Batch2/20180216_RSTR_NonTB_Atgns_Omip14_FCS
Specimen_001_H2_H02_090.fcs	Specimen_001_H2_H02_090.721778.fcs	NonTBAgs/20180214_OMIP14_Batch2/20180216_RSTR_NonTB_Atgns_Omip14_FCS
Specimen_001_H2_H02_154.fcs	Specimen_001_H2_H02_154.721806.fcs	NonTBAgs/20180214_OMIP14_Batch2/20180216_RSTR_NonTB_Atgns_Omip14_FCS
Specimen_001_H4_H04_092.fcs	Specimen_001_H4_H04_092.721779.fcs	NonTBAgs/20180214_OMIP14_Batch2/20180216_RSTR_NonTB_Atgns_Omip14_FCS
Specimen_001_H4_H04_156.fcs	Specimen_001_H4_H04_156.721807.fcs	NonTBAgs/20180214_OMIP14_Batch2/20180216_RSTR_NonTB_Atgns_Omip14_FCS
Specimen_001_H6_H06_094.fcs	Specimen_001_H6_H06_094.721780.fcs	NonTBAgs/20180214_OMIP14_Batch2/20180216_RSTR_NonTB_Atgns_Omip14_FCS
Specimen_001_H6_H06_158.fcs	Specimen_001_H6_H06_158.721808.fcs	NonTBAgs/20180214_OMIP14_Batch2/20180216_RSTR_NonTB_Atgns_Omip14_FCS
Specimen_001_H8_H08_096.fcs	Specimen_001_H8_H08_096.721781.fcs	NonTBAgs/20180214_OMIP14_Batch2/20180216_RSTR_NonTB_Atgns_Omip14_FCS
Specimen_001_H8_H08_160.fcs	Specimen_001_H8_H08_160.721809.fcs	NonTBAgs/20180214_OMIP14_Batch2/20180216_RSTR_NonTB_Atgns_Omip14_FCS
Compensation_AViD AmCyan_232.fcs	Compensation_AViD AmCyan_232.721929.fcs	TBAgs/20170605_RSTR_OMIP14_ICS_Batch1/20170607_RSTR_OMIP14_ICS
Compensation_CD107a PE Cy7_242.fcs	Compensation_CD107a PE Cy7_242.721930.fcs	TBAgs/20170605_RSTR_OMIP14_ICS_Batch1/20170607_RSTR_OMIP14_ICS
Compensation_CD154 PE Cy5_241.fcs	Compensation_CD154 PE Cy5_241.721931.fcs	TBAgs/20170605_RSTR_OMIP14_ICS_Batch1/20170607_RSTR_OMIP14_ICS
Compensation_CD3 ECD_233.fcs	Compensation_CD3 ECD_233.721932.fcs	TBAgs/20170605_RSTR_OMIP14_ICS_Batch1/20170607_RSTR_OMIP14_ICS
Compensation_CD4 APC Cy7_234.fcs	Compensation_CD4 APC Cy7_234.721933.fcs	TBAgs/20170605_RSTR_OMIP14_ICS_Batch1/20170607_RSTR_OMIP14_ICS
Compensation_CD8 PE (IL2)_236.fcs	Compensation_CD8 PE (IL2)_236.721934.fcs	TBAgs/20170605_RSTR_OMIP14_ICS_Batch1/20170607_RSTR_OMIP14_ICS
Compensation_CD8 PerCP Cy5-5_235.fcs	Compensation_CD8 PerCP Cy5-5_235.721935.fcs	TBAgs/20170605_RSTR_OMIP14_ICS_Batch1/20170607_RSTR_OMIP14_ICS
Compensation_GranzymeB Ax700 (IL17a)_240.fcs	Compensation_GranzymeB Ax700 (IL17a)_240.721936.fcs	TBAgs/20170605_RSTR_OMIP14_ICS_Batch1/20170607_RSTR_OMIP14_ICS
Compensation_HLA-DR APC (IL4)_237.fcs	Compensation_HLA-DR APC (IL4)_237.721937.fcs	TBAgs/20170605_RSTR_OMIP14_ICS_Batch1/20170607_RSTR_OMIP14_ICS
Compensation_IFNg V450_238.fcs	Compensation_IFNg V450_238.721938.fcs	TBAgs/20170605_RSTR_OMIP14_ICS_Batch1/20170607_RSTR_OMIP14_ICS
Compensation_TNF FITC_239.fcs	Compensation_TNF FITC_239.721939.fcs	TBAgs/20170605_RSTR_OMIP14_ICS_Batch1/20170607_RSTR_OMIP14_ICS
Compensation_Unstained_231.fcs	Compensation_Unstained_231.721940.fcs	TBAgs/20170605_RSTR_OMIP14_ICS_Batch1/20170607_RSTR_OMIP14_ICS
Specimen_001_A10_A10_010.fcs	Specimen_001_A10_A10_010.722002.fcs	TBAgs/20170605_RSTR_OMIP14_ICS_Batch1/20170607_RSTR_OMIP14_ICS
Specimen_001_A10_A10_050.fcs	Specimen_001_A10_A10_050.722037.fcs	TBAgs/20170605_RSTR_OMIP14_ICS_Batch1/20170607_RSTR_OMIP14_ICS
Specimen_001_A2_A02_002.fcs	Specimen_001_A2_A02_002.721998.fcs	TBAgs/20170605_RSTR_OMIP14_ICS_Batch1/20170607_RSTR_OMIP14_ICS
Specimen_001_A2_A02_042.fcs	Specimen_001_A2_A02_042.722033.fcs	TBAgs/20170605_RSTR_OMIP14_ICS_Batch1/20170607_RSTR_OMIP14_ICS
Specimen_001_A4_A04_004.fcs	Specimen_001_A4_A04_004.721999.fcs	TBAgs/20170605_RSTR_OMIP14_ICS_Batch1/20170607_RSTR_OMIP14_ICS
Specimen_001_A4_A04_044.fcs	Specimen_001_A4_A04_044.722034.fcs	TBAgs/20170605_RSTR_OMIP14_ICS_Batch1/20170607_RSTR_OMIP14_ICS
Specimen_001_A6_A06_006.fcs	Specimen_001_A6_A06_006.722000.fcs	TBAgs/20170605_RSTR_OMIP14_ICS_Batch1/20170607_RSTR_OMIP14_ICS
Specimen_001_A6_A06_046.fcs	Specimen_001_A6_A06_046.722035.fcs	TBAgs/20170605_RSTR_OMIP14_ICS_Batch1/20170607_RSTR_OMIP14_ICS
Specimen_001_A8_A08_008.fcs	Specimen_001_A8_A08_008.722001.fcs	TBAgs/20170605_RSTR_OMIP14_ICS_Batch1/20170607_RSTR_OMIP14_ICS
Specimen_001_A8_A08_048.fcs	Specimen_001_A8_A08_048.722036.fcs	TBAgs/20170605_RSTR_OMIP14_ICS_Batch1/20170607_RSTR_OMIP14_ICS
Specimen_001_B10_B10_060.fcs	Specimen_001_B10_B10_060.722007.fcs	TBAgs/20170605_RSTR_OMIP14_ICS_Batch1/20170607_RSTR_OMIP14_ICS
Specimen_001_B10_B10_130.fcs	Specimen_001_B10_B10_130.722012.fcs	TBAgs/20170605_RSTR_OMIP14_ICS_Batch1/20170607_RSTR_OMIP14_ICS
Specimen_001_B10_B10_210.fcs	Specimen_001_B10_B10_210.721977.fcs	TBAgs/20170605_RSTR_OMIP14_ICS_Batch1/20170607_RSTR_OMIP14_ICS
Specimen_001_B2_B02_052.fcs	Specimen_001_B2_B02_052.722003.fcs	TBAgs/20170605_RSTR_OMIP14_ICS_Batch1/20170607_RSTR_OMIP14_ICS
Specimen_001_B2_B02_122.fcs	Specimen_001_B2_B02_122.722008.fcs	TBAgs/20170605_RSTR_OMIP14_ICS_Batch1/20170607_RSTR_OMIP14_ICS
Specimen_001_B2_B02_202.fcs	Specimen_001_B2_B02_202.721973.fcs	TBAgs/20170605_RSTR_OMIP14_ICS_Batch1/20170607_RSTR_OMIP14_ICS
Specimen_001_B4_B04_054.fcs	Specimen_001_B4_B04_054.722004.fcs	TBAgs/20170605_RSTR_OMIP14_ICS_Batch1/20170607_RSTR_OMIP14_ICS
Specimen_001_B4_B04_124.fcs	Specimen_001_B4_B04_124.722009.fcs	TBAgs/20170605_RSTR_OMIP14_ICS_Batch1/20170607_RSTR_OMIP14_ICS
Specimen_001_B4_B04_204.fcs	Specimen_001_B4_B04_204.721974.fcs	TBAgs/20170605_RSTR_OMIP14_ICS_Batch1/20170607_RSTR_OMIP14_ICS
Specimen_001_B6_B06_056.fcs	Specimen_001_B6_B06_056.722005.fcs	TBAgs/20170605_RSTR_OMIP14_ICS_Batch1/20170607_RSTR_OMIP14_ICS
Specimen_001_B6_B06_126.fcs	Specimen_001_B6_B06_126.722010.fcs	TBAgs/20170605_RSTR_OMIP14_ICS_Batch1/20170607_RSTR_OMIP14_ICS
Specimen_001_B6_B06_206.fcs	Specimen_001_B6_B06_206.721975.fcs	TBAgs/20170605_RSTR_OMIP14_ICS_Batch1/20170607_RSTR_OMIP14_ICS
Specimen_001_B8_B08_058.fcs	Specimen_001_B8_B08_058.722006.fcs	TBAgs/20170605_RSTR_OMIP14_ICS_Batch1/20170607_RSTR_OMIP14_ICS
Specimen_001_B8_B08_128.fcs	Specimen_001_B8_B08_128.722011.fcs	TBAgs/20170605_RSTR_OMIP14_ICS_Batch1/20170607_RSTR_OMIP14_ICS
Specimen_001_B8_B08_208.fcs	Specimen_001_B8_B08_208.721976.fcs	TBAgs/20170605_RSTR_OMIP14_ICS_Batch1/20170607_RSTR_OMIP14_ICS
Specimen_001_C10_C10_030.fcs	Specimen_001_C10_C10_030.721957.fcs	TBAgs/20170605_RSTR_OMIP14_ICS_Batch1/20170607_RSTR_OMIP14_ICS
Specimen_001_C10_C10_070.fcs	Specimen_001_C10_C10_070.721942.fcs	TBAgs/20170605_RSTR_OMIP14_ICS_Batch1/20170607_RSTR_OMIP14_ICS
Specimen_001_C10_C10_140.fcs	Specimen_001_C10_C10_140.722027.fcs	TBAgs/20170605_RSTR_OMIP14_ICS_Batch1/20170607_RSTR_OMIP14_ICS
Specimen_001_C10_C10_220.fcs	Specimen_001_C10_C10_220.722017.fcs	TBAgs/20170605_RSTR_OMIP14_ICS_Batch1/20170607_RSTR_OMIP14_ICS
Specimen_001_C2_C02_022.fcs	Specimen_001_C2_C02_022.721953.fcs	TBAgs/20170605_RSTR_OMIP14_ICS_Batch1/20170607_RSTR_OMIP14_ICS
Specimen_001_C2_C02_062.fcs	Specimen_001_C2_C02_062.721928.fcs	TBAgs/20170605_RSTR_OMIP14_ICS_Batch1/20170607_RSTR_OMIP14_ICS
Specimen_001_C2_C02_132.fcs	Specimen_001_C2_C02_132.722023.fcs	TBAgs/20170605_RSTR_OMIP14_ICS_Batch1/20170607_RSTR_OMIP14_ICS
Specimen_001_C2_C02_212.fcs	Specimen_001_C2_C02_212.722013.fcs	TBAgs/20170605_RSTR_OMIP14_ICS_Batch1/20170607_RSTR_OMIP14_ICS
Specimen_001_C4_C04_024.fcs	Specimen_001_C4_C04_024.721954.fcs	TBAgs/20170605_RSTR_OMIP14_ICS_Batch1/20170607_RSTR_OMIP14_ICS
Specimen_001_C4_C04_064.fcs	Specimen_001_C4_C04_064.721941.fcs	TBAgs/20170605_RSTR_OMIP14_ICS_Batch1/20170607_RSTR_OMIP14_ICS
Specimen_001_C4_C04_134.fcs	Specimen_001_C4_C04_134.722024.fcs	TBAgs/20170605_RSTR_OMIP14_ICS_Batch1/20170607_RSTR_OMIP14_ICS
Specimen_001_C4_C04_214.fcs	Specimen_001_C4_C04_214.722014.fcs	TBAgs/20170605_RSTR_OMIP14_ICS_Batch1/20170607_RSTR_OMIP14_ICS
Specimen_001_C6_C06_026.fcs	Specimen_001_C6_C06_026.721955.fcs	TBAgs/20170605_RSTR_OMIP14_ICS_Batch1/20170607_RSTR_OMIP14_ICS
Specimen_001_C6_C06_136.fcs	Specimen_001_C6_C06_136.722025.fcs	TBAgs/20170605_RSTR_OMIP14_ICS_Batch1/20170607_RSTR_OMIP14_ICS
Specimen_001_C6_C06_216.fcs	Specimen_001_C6_C06_216.722015.fcs	TBAgs/20170605_RSTR_OMIP14_ICS_Batch1/20170607_RSTR_OMIP14_ICS
Specimen_001_C8_C08_028.fcs	Specimen_001_C8_C08_028.721956.fcs	TBAgs/20170605_RSTR_OMIP14_ICS_Batch1/20170607_RSTR_OMIP14_ICS
Specimen_001_C8_C08_138.fcs	Specimen_001_C8_C08_138.722026.fcs	TBAgs/20170605_RSTR_OMIP14_ICS_Batch1/20170607_RSTR_OMIP14_ICS
Specimen_001_C8_C08_218.fcs	Specimen_001_C8_C08_218.722016.fcs	TBAgs/20170605_RSTR_OMIP14_ICS_Batch1/20170607_RSTR_OMIP14_ICS
Specimen_001_D10_D10_040.fcs	Specimen_001_D10_D10_040.721952.fcs	TBAgs/20170605_RSTR_OMIP14_ICS_Batch1/20170607_RSTR_OMIP14_ICS
Specimen_001_D10_D10_080.fcs	Specimen_001_D10_D10_080.722032.fcs	TBAgs/20170605_RSTR_OMIP14_ICS_Batch1/20170607_RSTR_OMIP14_ICS
Specimen_001_D10_D10_150.fcs	Specimen_001_D10_D10_150.721947.fcs	TBAgs/20170605_RSTR_OMIP14_ICS_Batch1/20170607_RSTR_OMIP14_ICS
Specimen_001_D10_D10_230.fcs	Specimen_001_D10_D10_230.721997.fcs	TBAgs/20170605_RSTR_OMIP14_ICS_Batch1/20170607_RSTR_OMIP14_ICS
Specimen_001_D2_D02_032.fcs	Specimen_001_D2_D02_032.721948.fcs	TBAgs/20170605_RSTR_OMIP14_ICS_Batch1/20170607_RSTR_OMIP14_ICS
Specimen_001_D2_D02_072.fcs	Specimen_001_D2_D02_072.722028.fcs	TBAgs/20170605_RSTR_OMIP14_ICS_Batch1/20170607_RSTR_OMIP14_ICS
Specimen_001_D2_D02_142.fcs	Specimen_001_D2_D02_142.721943.fcs	TBAgs/20170605_RSTR_OMIP14_ICS_Batch1/20170607_RSTR_OMIP14_ICS
Specimen_001_D2_D02_222.fcs	Specimen_001_D2_D02_222.721993.fcs	TBAgs/20170605_RSTR_OMIP14_ICS_Batch1/20170607_RSTR_OMIP14_ICS
Specimen_001_D4_D04_034.fcs	Specimen_001_D4_D04_034.721949.fcs	TBAgs/20170605_RSTR_OMIP14_ICS_Batch1/20170607_RSTR_OMIP14_ICS
Specimen_001_D4_D04_074.fcs	Specimen_001_D4_D04_074.722029.fcs	TBAgs/20170605_RSTR_OMIP14_ICS_Batch1/20170607_RSTR_OMIP14_ICS
Specimen_001_D4_D04_144.fcs	Specimen_001_D4_D04_144.721944.fcs	TBAgs/20170605_RSTR_OMIP14_ICS_Batch1/20170607_RSTR_OMIP14_ICS
Specimen_001_D4_D04_224.fcs	Specimen_001_D4_D04_224.721994.fcs	TBAgs/20170605_RSTR_OMIP14_ICS_Batch1/20170607_RSTR_OMIP14_ICS
Specimen_001_D6_D06_036.fcs	Specimen_001_D6_D06_036.721950.fcs	TBAgs/20170605_RSTR_OMIP14_ICS_Batch1/20170607_RSTR_OMIP14_ICS
Specimen_001_D6_D06_076.fcs	Specimen_001_D6_D06_076.722030.fcs	TBAgs/20170605_RSTR_OMIP14_ICS_Batch1/20170607_RSTR_OMIP14_ICS
Specimen_001_D6_D06_146.fcs	Specimen_001_D6_D06_146.721945.fcs	TBAgs/20170605_RSTR_OMIP14_ICS_Batch1/20170607_RSTR_OMIP14_ICS
Specimen_001_D6_D06_226.fcs	Specimen_001_D6_D06_226.721995.fcs	TBAgs/20170605_RSTR_OMIP14_ICS_Batch1/20170607_RSTR_OMIP14_ICS
Specimen_001_D8_D08_038.fcs	Specimen_001_D8_D08_038.721951.fcs	TBAgs/20170605_RSTR_OMIP14_ICS_Batch1/20170607_RSTR_OMIP14_ICS
Specimen_001_D8_D08_078.fcs	Specimen_001_D8_D08_078.722031.fcs	TBAgs/20170605_RSTR_OMIP14_ICS_Batch1/20170607_RSTR_OMIP14_ICS
Specimen_001_D8_D08_148.fcs	Specimen_001_D8_D08_148.721946.fcs	TBAgs/20170605_RSTR_OMIP14_ICS_Batch1/20170607_RSTR_OMIP14_ICS
Specimen_001_D8_D08_228.fcs	Specimen_001_D8_D08_228.721996.fcs	TBAgs/20170605_RSTR_OMIP14_ICS_Batch1/20170607_RSTR_OMIP14_ICS
Specimen_001_E10_E10_090.fcs	Specimen_001_E10_E10_090.721967.fcs	TBAgs/20170605_RSTR_OMIP14_ICS_Batch1/20170607_RSTR_OMIP14_ICS
Specimen_001_E10_E10_160.fcs	Specimen_001_E10_E10_160.721982.fcs	TBAgs/20170605_RSTR_OMIP14_ICS_Batch1/20170607_RSTR_OMIP14_ICS
Specimen_001_E2_E02_082.fcs	Specimen_001_E2_E02_082.721963.fcs	TBAgs/20170605_RSTR_OMIP14_ICS_Batch1/20170607_RSTR_OMIP14_ICS
Specimen_001_E2_E02_152.fcs	Specimen_001_E2_E02_152.721978.fcs	TBAgs/20170605_RSTR_OMIP14_ICS_Batch1/20170607_RSTR_OMIP14_ICS
Specimen_001_E4_E04_084.fcs	Specimen_001_E4_E04_084.721964.fcs	TBAgs/20170605_RSTR_OMIP14_ICS_Batch1/20170607_RSTR_OMIP14_ICS
Specimen_001_E4_E04_154.fcs	Specimen_001_E4_E04_154.721979.fcs	TBAgs/20170605_RSTR_OMIP14_ICS_Batch1/20170607_RSTR_OMIP14_ICS
Specimen_001_E6_E06_086.fcs	Specimen_001_E6_E06_086.721965.fcs	TBAgs/20170605_RSTR_OMIP14_ICS_Batch1/20170607_RSTR_OMIP14_ICS
Specimen_001_E6_E06_156.fcs	Specimen_001_E6_E06_156.721980.fcs	TBAgs/20170605_RSTR_OMIP14_ICS_Batch1/20170607_RSTR_OMIP14_ICS
Specimen_001_E8_E08_088.fcs	Specimen_001_E8_E08_088.721966.fcs	TBAgs/20170605_RSTR_OMIP14_ICS_Batch1/20170607_RSTR_OMIP14_ICS
Specimen_001_E8_E08_158.fcs	Specimen_001_E8_E08_158.721981.fcs	TBAgs/20170605_RSTR_OMIP14_ICS_Batch1/20170607_RSTR_OMIP14_ICS
Specimen_001_F10_F10_100.fcs	Specimen_001_F10_F10_100.721992.fcs	TBAgs/20170605_RSTR_OMIP14_ICS_Batch1/20170607_RSTR_OMIP14_ICS
Specimen_001_F10_F10_170.fcs	Specimen_001_F10_F10_170.722022.fcs	TBAgs/20170605_RSTR_OMIP14_ICS_Batch1/20170607_RSTR_OMIP14_ICS
Specimen_001_F2_F02_092.fcs	Specimen_001_F2_F02_092.721988.fcs	TBAgs/20170605_RSTR_OMIP14_ICS_Batch1/20170607_RSTR_OMIP14_ICS
Specimen_001_F2_F02_162.fcs	Specimen_001_F2_F02_162.722018.fcs	TBAgs/20170605_RSTR_OMIP14_ICS_Batch1/20170607_RSTR_OMIP14_ICS
Specimen_001_F4_F04_094.fcs	Specimen_001_F4_F04_094.721989.fcs	TBAgs/20170605_RSTR_OMIP14_ICS_Batch1/20170607_RSTR_OMIP14_ICS
Specimen_001_F4_F04_164.fcs	Specimen_001_F4_F04_164.722019.fcs	TBAgs/20170605_RSTR_OMIP14_ICS_Batch1/20170607_RSTR_OMIP14_ICS
Specimen_001_F6_F06_096.fcs	Specimen_001_F6_F06_096.721990.fcs	TBAgs/20170605_RSTR_OMIP14_ICS_Batch1/20170607_RSTR_OMIP14_ICS
Specimen_001_F6_F06_166.fcs	Specimen_001_F6_F06_166.722020.fcs	TBAgs/20170605_RSTR_OMIP14_ICS_Batch1/20170607_RSTR_OMIP14_ICS
Specimen_001_F8_F08_098.fcs	Specimen_001_F8_F08_098.721991.fcs	TBAgs/20170605_RSTR_OMIP14_ICS_Batch1/20170607_RSTR_OMIP14_ICS
Specimen_001_F8_F08_168.fcs	Specimen_001_F8_F08_168.722021.fcs	TBAgs/20170605_RSTR_OMIP14_ICS_Batch1/20170607_RSTR_OMIP14_ICS
Specimen_001_G10_G10_110.fcs	Specimen_001_G10_G10_110.721972.fcs	TBAgs/20170605_RSTR_OMIP14_ICS_Batch1/20170607_RSTR_OMIP14_ICS
Specimen_001_G10_G10_180.fcs	Specimen_001_G10_G10_180.721962.fcs	TBAgs/20170605_RSTR_OMIP14_ICS_Batch1/20170607_RSTR_OMIP14_ICS
Specimen_001_G2_G02_102.fcs	Specimen_001_G2_G02_102.721968.fcs	TBAgs/20170605_RSTR_OMIP14_ICS_Batch1/20170607_RSTR_OMIP14_ICS
Specimen_001_G2_G02_172.fcs	Specimen_001_G2_G02_172.721958.fcs	TBAgs/20170605_RSTR_OMIP14_ICS_Batch1/20170607_RSTR_OMIP14_ICS
Specimen_001_G4_G04_104.fcs	Specimen_001_G4_G04_104.721969.fcs	TBAgs/20170605_RSTR_OMIP14_ICS_Batch1/20170607_RSTR_OMIP14_ICS
Specimen_001_G4_G04_174.fcs	Specimen_001_G4_G04_174.721959.fcs	TBAgs/20170605_RSTR_OMIP14_ICS_Batch1/20170607_RSTR_OMIP14_ICS
Specimen_001_G6_G06_106.fcs	Specimen_001_G6_G06_106.721970.fcs	TBAgs/20170605_RSTR_OMIP14_ICS_Batch1/20170607_RSTR_OMIP14_ICS
Specimen_001_G6_G06_176.fcs	Specimen_001_G6_G06_176.721960.fcs	TBAgs/20170605_RSTR_OMIP14_ICS_Batch1/20170607_RSTR_OMIP14_ICS
Specimen_001_G8_G08_108.fcs	Specimen_001_G8_G08_108.721971.fcs	TBAgs/20170605_RSTR_OMIP14_ICS_Batch1/20170607_RSTR_OMIP14_ICS
Specimen_001_G8_G08_178.fcs	Specimen_001_G8_G08_178.721961.fcs	TBAgs/20170605_RSTR_OMIP14_ICS_Batch1/20170607_RSTR_OMIP14_ICS
Specimen_001_H10_H10_190.fcs	Specimen_001_H10_H10_190.721987.fcs	TBAgs/20170605_RSTR_OMIP14_ICS_Batch1/20170607_RSTR_OMIP14_ICS
Specimen_001_H2_H02_182.fcs	Specimen_001_H2_H02_182.721983.fcs	TBAgs/20170605_RSTR_OMIP14_ICS_Batch1/20170607_RSTR_OMIP14_ICS
Specimen_001_H4_H04_184.fcs	Specimen_001_H4_H04_184.721984.fcs	TBAgs/20170605_RSTR_OMIP14_ICS_Batch1/20170607_RSTR_OMIP14_ICS
Specimen_001_H6_H06_186.fcs	Specimen_001_H6_H06_186.721985.fcs	TBAgs/20170605_RSTR_OMIP14_ICS_Batch1/20170607_RSTR_OMIP14_ICS
Specimen_001_H8_H08_188.fcs	Specimen_001_H8_H08_188.721986.fcs	TBAgs/20170605_RSTR_OMIP14_ICS_Batch1/20170607_RSTR_OMIP14_ICS
Compensation_AViD AmCyan_222.fcs	Compensation_AViD AmCyan_222.722173.fcs	TBAgs/20170612_RSTR_OMIP14_ICS_Batch2/20170614_RSTR_OMIP14_ICS_Batch2
Compensation_CD107a PE Cy7_232.fcs	Compensation_CD107a PE Cy7_232.722174.fcs	TBAgs/20170612_RSTR_OMIP14_ICS_Batch2/20170614_RSTR_OMIP14_ICS_Batch2
Compensation_CD154 PE Cy5_231.fcs	Compensation_CD154 PE Cy5_231.722175.fcs	TBAgs/20170612_RSTR_OMIP14_ICS_Batch2/20170614_RSTR_OMIP14_ICS_Batch2
Compensation_CD3 ECD_223.fcs	Compensation_CD3 ECD_223.722176.fcs	TBAgs/20170612_RSTR_OMIP14_ICS_Batch2/20170614_RSTR_OMIP14_ICS_Batch2
Compensation_CD4 APC Cy7_224.fcs	Compensation_CD4 APC Cy7_224.722177.fcs	TBAgs/20170612_RSTR_OMIP14_ICS_Batch2/20170614_RSTR_OMIP14_ICS_Batch2
Compensation_CD8 PE (IL2)_226.fcs	Compensation_CD8 PE (IL2)_226.722178.fcs	TBAgs/20170612_RSTR_OMIP14_ICS_Batch2/20170614_RSTR_OMIP14_ICS_Batch2
Compensation_CD8 PerCP Cy5-5_225.fcs	Compensation_CD8 PerCP Cy5-5_225.722179.fcs	TBAgs/20170612_RSTR_OMIP14_ICS_Batch2/20170614_RSTR_OMIP14_ICS_Batch2
Compensation_GranzymeB Ax700 (IL17a)_230.fcs	Compensation_GranzymeB Ax700 (IL17a)_230.722180.fcs	TBAgs/20170612_RSTR_OMIP14_ICS_Batch2/20170614_RSTR_OMIP14_ICS_Batch2
Compensation_HLA-DR APC (IL4)_227.fcs	Compensation_HLA-DR APC (IL4)_227.722181.fcs	TBAgs/20170612_RSTR_OMIP14_ICS_Batch2/20170614_RSTR_OMIP14_ICS_Batch2
Compensation_IFNg V450_228.fcs	Compensation_IFNg V450_228.722182.fcs	TBAgs/20170612_RSTR_OMIP14_ICS_Batch2/20170614_RSTR_OMIP14_ICS_Batch2
Compensation_TNF FITC_229.fcs	Compensation_TNF FITC_229.722183.fcs	TBAgs/20170612_RSTR_OMIP14_ICS_Batch2/20170614_RSTR_OMIP14_ICS_Batch2
Compensation_Unstained_221.fcs	Compensation_Unstained_221.722184.fcs	TBAgs/20170612_RSTR_OMIP14_ICS_Batch2/20170614_RSTR_OMIP14_ICS_Batch2
Specimen_001_A10_A10_010.fcs	Specimen_001_A10_A10_010.722262.fcs	TBAgs/20170612_RSTR_OMIP14_ICS_Batch2/20170614_RSTR_OMIP14_ICS_Batch2
Specimen_001_A10_A10_050.fcs	Specimen_001_A10_A10_050.722282.fcs	TBAgs/20170612_RSTR_OMIP14_ICS_Batch2/20170614_RSTR_OMIP14_ICS_Batch2
Specimen_001_A10_A10_130.fcs	Specimen_001_A10_A10_130.722277.fcs	TBAgs/20170612_RSTR_OMIP14_ICS_Batch2/20170614_RSTR_OMIP14_ICS_Batch2
Specimen_001_A10_A10_150.fcs	Specimen_001_A10_A10_150.722272.fcs	TBAgs/20170612_RSTR_OMIP14_ICS_Batch2/20170614_RSTR_OMIP14_ICS_Batch2
Specimen_001_A2_A02_002.fcs	Specimen_001_A2_A02_002.722258.fcs	TBAgs/20170612_RSTR_OMIP14_ICS_Batch2/20170614_RSTR_OMIP14_ICS_Batch2
Specimen_001_A2_A02_042.fcs	Specimen_001_A2_A02_042.722278.fcs	TBAgs/20170612_RSTR_OMIP14_ICS_Batch2/20170614_RSTR_OMIP14_ICS_Batch2
Specimen_001_A2_A02_122.fcs	Specimen_001_A2_A02_122.722273.fcs	TBAgs/20170612_RSTR_OMIP14_ICS_Batch2/20170614_RSTR_OMIP14_ICS_Batch2
Specimen_001_A2_A02_142.fcs	Specimen_001_A2_A02_142.722268.fcs	TBAgs/20170612_RSTR_OMIP14_ICS_Batch2/20170614_RSTR_OMIP14_ICS_Batch2
Specimen_001_A4_A04_004.fcs	Specimen_001_A4_A04_004.722259.fcs	TBAgs/20170612_RSTR_OMIP14_ICS_Batch2/20170614_RSTR_OMIP14_ICS_Batch2
Specimen_001_A4_A04_044.fcs	Specimen_001_A4_A04_044.722279.fcs	TBAgs/20170612_RSTR_OMIP14_ICS_Batch2/20170614_RSTR_OMIP14_ICS_Batch2
Specimen_001_A4_A04_124.fcs	Specimen_001_A4_A04_124.722274.fcs	TBAgs/20170612_RSTR_OMIP14_ICS_Batch2/20170614_RSTR_OMIP14_ICS_Batch2
Specimen_001_A4_A04_144.fcs	Specimen_001_A4_A04_144.722269.fcs	TBAgs/20170612_RSTR_OMIP14_ICS_Batch2/20170614_RSTR_OMIP14_ICS_Batch2
Specimen_001_A6_A06_006.fcs	Specimen_001_A6_A06_006.722260.fcs	TBAgs/20170612_RSTR_OMIP14_ICS_Batch2/20170614_RSTR_OMIP14_ICS_Batch2
Specimen_001_A6_A06_046.fcs	Specimen_001_A6_A06_046.722280.fcs	TBAgs/20170612_RSTR_OMIP14_ICS_Batch2/20170614_RSTR_OMIP14_ICS_Batch2
Specimen_001_A6_A06_126.fcs	Specimen_001_A6_A06_126.722275.fcs	TBAgs/20170612_RSTR_OMIP14_ICS_Batch2/20170614_RSTR_OMIP14_ICS_Batch2
Specimen_001_A6_A06_146.fcs	Specimen_001_A6_A06_146.722270.fcs	TBAgs/20170612_RSTR_OMIP14_ICS_Batch2/20170614_RSTR_OMIP14_ICS_Batch2
Specimen_001_A8_A08_008.fcs	Specimen_001_A8_A08_008.722261.fcs	TBAgs/20170612_RSTR_OMIP14_ICS_Batch2/20170614_RSTR_OMIP14_ICS_Batch2
Specimen_001_A8_A08_048.fcs	Specimen_001_A8_A08_048.722281.fcs	TBAgs/20170612_RSTR_OMIP14_ICS_Batch2/20170614_RSTR_OMIP14_ICS_Batch2
Specimen_001_A8_A08_128.fcs	Specimen_001_A8_A08_128.722276.fcs	TBAgs/20170612_RSTR_OMIP14_ICS_Batch2/20170614_RSTR_OMIP14_ICS_Batch2
Specimen_001_A8_A08_148.fcs	Specimen_001_A8_A08_148.722271.fcs	TBAgs/20170612_RSTR_OMIP14_ICS_Batch2/20170614_RSTR_OMIP14_ICS_Batch2
Specimen_001_B10_B10_020.fcs	Specimen_001_B10_B10_020.722257.fcs	TBAgs/20170612_RSTR_OMIP14_ICS_Batch2/20170614_RSTR_OMIP14_ICS_Batch2
Specimen_001_B10_B10_060.fcs	Specimen_001_B10_B10_060.722252.fcs	TBAgs/20170612_RSTR_OMIP14_ICS_Batch2/20170614_RSTR_OMIP14_ICS_Batch2
Specimen_001_B10_B10_140.fcs	Specimen_001_B10_B10_140.722267.fcs	TBAgs/20170612_RSTR_OMIP14_ICS_Batch2/20170614_RSTR_OMIP14_ICS_Batch2
Specimen_001_B10_B10_160.fcs	Specimen_001_B10_B10_160.722208.fcs	TBAgs/20170612_RSTR_OMIP14_ICS_Batch2/20170614_RSTR_OMIP14_ICS_Batch2
Specimen_001_B2_B02_012.fcs	Specimen_001_B2_B02_012.722253.fcs	TBAgs/20170612_RSTR_OMIP14_ICS_Batch2/20170614_RSTR_OMIP14_ICS_Batch2
Specimen_001_B2_B02_052.fcs	Specimen_001_B2_B02_052.722248.fcs	TBAgs/20170612_RSTR_OMIP14_ICS_Batch2/20170614_RSTR_OMIP14_ICS_Batch2
Specimen_001_B2_B02_132.fcs	Specimen_001_B2_B02_132.722263.fcs	TBAgs/20170612_RSTR_OMIP14_ICS_Batch2/20170614_RSTR_OMIP14_ICS_Batch2
Specimen_001_B2_B02_152.fcs	Specimen_001_B2_B02_152.722204.fcs	TBAgs/20170612_RSTR_OMIP14_ICS_Batch2/20170614_RSTR_OMIP14_ICS_Batch2
Specimen_001_B4_B04_014.fcs	Specimen_001_B4_B04_014.722254.fcs	TBAgs/20170612_RSTR_OMIP14_ICS_Batch2/20170614_RSTR_OMIP14_ICS_Batch2
Specimen_001_B4_B04_054.fcs	Specimen_001_B4_B04_054.722249.fcs	TBAgs/20170612_RSTR_OMIP14_ICS_Batch2/20170614_RSTR_OMIP14_ICS_Batch2
Specimen_001_B4_B04_134.fcs	Specimen_001_B4_B04_134.722264.fcs	TBAgs/20170612_RSTR_OMIP14_ICS_Batch2/20170614_RSTR_OMIP14_ICS_Batch2
Specimen_001_B4_B04_154.fcs	Specimen_001_B4_B04_154.722205.fcs	TBAgs/20170612_RSTR_OMIP14_ICS_Batch2/20170614_RSTR_OMIP14_ICS_Batch2
Specimen_001_B6_B06_016.fcs	Specimen_001_B6_B06_016.722255.fcs	TBAgs/20170612_RSTR_OMIP14_ICS_Batch2/20170614_RSTR_OMIP14_ICS_Batch2
Specimen_001_B6_B06_056.fcs	Specimen_001_B6_B06_056.722250.fcs	TBAgs/20170612_RSTR_OMIP14_ICS_Batch2/20170614_RSTR_OMIP14_ICS_Batch2
Specimen_001_B6_B06_136.fcs	Specimen_001_B6_B06_136.722265.fcs	TBAgs/20170612_RSTR_OMIP14_ICS_Batch2/20170614_RSTR_OMIP14_ICS_Batch2
Specimen_001_B6_B06_156.fcs	Specimen_001_B6_B06_156.722206.fcs	TBAgs/20170612_RSTR_OMIP14_ICS_Batch2/20170614_RSTR_OMIP14_ICS_Batch2
Specimen_001_B8_B08_018.fcs	Specimen_001_B8_B08_018.722256.fcs	TBAgs/20170612_RSTR_OMIP14_ICS_Batch2/20170614_RSTR_OMIP14_ICS_Batch2
Specimen_001_B8_B08_058.fcs	Specimen_001_B8_B08_058.722251.fcs	TBAgs/20170612_RSTR_OMIP14_ICS_Batch2/20170614_RSTR_OMIP14_ICS_Batch2
Specimen_001_B8_B08_138.fcs	Specimen_001_B8_B08_138.722266.fcs	TBAgs/20170612_RSTR_OMIP14_ICS_Batch2/20170614_RSTR_OMIP14_ICS_Batch2
Specimen_001_B8_B08_158.fcs	Specimen_001_B8_B08_158.722207.fcs	TBAgs/20170612_RSTR_OMIP14_ICS_Batch2/20170614_RSTR_OMIP14_ICS_Batch2
Specimen_001_C10_C10_030.fcs	Specimen_001_C10_C10_030.722213.fcs	TBAgs/20170612_RSTR_OMIP14_ICS_Batch2/20170614_RSTR_OMIP14_ICS_Batch2
Specimen_001_C10_C10_070.fcs	Specimen_001_C10_C10_070.722218.fcs	TBAgs/20170612_RSTR_OMIP14_ICS_Batch2/20170614_RSTR_OMIP14_ICS_Batch2
Specimen_001_C10_C10_170.fcs	Specimen_001_C10_C10_170.722227.fcs	TBAgs/20170612_RSTR_OMIP14_ICS_Batch2/20170614_RSTR_OMIP14_ICS_Batch2
Specimen_001_C2_C02_022.fcs	Specimen_001_C2_C02_022.722209.fcs	TBAgs/20170612_RSTR_OMIP14_ICS_Batch2/20170614_RSTR_OMIP14_ICS_Batch2
Specimen_001_C2_C02_062.fcs	Specimen_001_C2_C02_062.722214.fcs	TBAgs/20170612_RSTR_OMIP14_ICS_Batch2/20170614_RSTR_OMIP14_ICS_Batch2
Specimen_001_C2_C02_162.fcs	Specimen_001_C2_C02_162.722223.fcs	TBAgs/20170612_RSTR_OMIP14_ICS_Batch2/20170614_RSTR_OMIP14_ICS_Batch2
Specimen_001_C4_C04_024.fcs	Specimen_001_C4_C04_024.722210.fcs	TBAgs/20170612_RSTR_OMIP14_ICS_Batch2/20170614_RSTR_OMIP14_ICS_Batch2
Specimen_001_C4_C04_064.fcs	Specimen_001_C4_C04_064.722215.fcs	TBAgs/20170612_RSTR_OMIP14_ICS_Batch2/20170614_RSTR_OMIP14_ICS_Batch2
Specimen_001_C4_C04_164.fcs	Specimen_001_C4_C04_164.722224.fcs	TBAgs/20170612_RSTR_OMIP14_ICS_Batch2/20170614_RSTR_OMIP14_ICS_Batch2
Specimen_001_C6_C06_026.fcs	Specimen_001_C6_C06_026.722211.fcs	TBAgs/20170612_RSTR_OMIP14_ICS_Batch2/20170614_RSTR_OMIP14_ICS_Batch2
Specimen_001_C6_C06_066.fcs	Specimen_001_C6_C06_066.722216.fcs	TBAgs/20170612_RSTR_OMIP14_ICS_Batch2/20170614_RSTR_OMIP14_ICS_Batch2
Specimen_001_C6_C06_166.fcs	Specimen_001_C6_C06_166.722225.fcs	TBAgs/20170612_RSTR_OMIP14_ICS_Batch2/20170614_RSTR_OMIP14_ICS_Batch2
Specimen_001_C8_C08_028.fcs	Specimen_001_C8_C08_028.722212.fcs	TBAgs/20170612_RSTR_OMIP14_ICS_Batch2/20170614_RSTR_OMIP14_ICS_Batch2
Specimen_001_C8_C08_068.fcs	Specimen_001_C8_C08_068.722217.fcs	TBAgs/20170612_RSTR_OMIP14_ICS_Batch2/20170614_RSTR_OMIP14_ICS_Batch2
Specimen_001_C8_C08_168.fcs	Specimen_001_C8_C08_168.722226.fcs	TBAgs/20170612_RSTR_OMIP14_ICS_Batch2/20170614_RSTR_OMIP14_ICS_Batch2
Specimen_001_D10_D10_040.fcs	Specimen_001_D10_D10_040.722203.fcs	TBAgs/20170612_RSTR_OMIP14_ICS_Batch2/20170614_RSTR_OMIP14_ICS_Batch2
Specimen_001_D10_D10_080.fcs	Specimen_001_D10_D10_080.722247.fcs	TBAgs/20170612_RSTR_OMIP14_ICS_Batch2/20170614_RSTR_OMIP14_ICS_Batch2
Specimen_001_D10_D10_180.fcs	Specimen_001_D10_D10_180.722237.fcs	TBAgs/20170612_RSTR_OMIP14_ICS_Batch2/20170614_RSTR_OMIP14_ICS_Batch2
Specimen_001_D2_D02_032.fcs	Specimen_001_D2_D02_032.722199.fcs	TBAgs/20170612_RSTR_OMIP14_ICS_Batch2/20170614_RSTR_OMIP14_ICS_Batch2
Specimen_001_D2_D02_072.fcs	Specimen_001_D2_D02_072.722243.fcs	TBAgs/20170612_RSTR_OMIP14_ICS_Batch2/20170614_RSTR_OMIP14_ICS_Batch2
Specimen_001_D2_D02_172.fcs	Specimen_001_D2_D02_172.722233.fcs	TBAgs/20170612_RSTR_OMIP14_ICS_Batch2/20170614_RSTR_OMIP14_ICS_Batch2
Specimen_001_D4_D04_034.fcs	Specimen_001_D4_D04_034.722200.fcs	TBAgs/20170612_RSTR_OMIP14_ICS_Batch2/20170614_RSTR_OMIP14_ICS_Batch2
Specimen_001_D4_D04_074.fcs	Specimen_001_D4_D04_074.722244.fcs	TBAgs/20170612_RSTR_OMIP14_ICS_Batch2/20170614_RSTR_OMIP14_ICS_Batch2
Specimen_001_D4_D04_174.fcs	Specimen_001_D4_D04_174.722234.fcs	TBAgs/20170612_RSTR_OMIP14_ICS_Batch2/20170614_RSTR_OMIP14_ICS_Batch2
Specimen_001_D6_D06_036.fcs	Specimen_001_D6_D06_036.722201.fcs	TBAgs/20170612_RSTR_OMIP14_ICS_Batch2/20170614_RSTR_OMIP14_ICS_Batch2
Specimen_001_D6_D06_076.fcs	Specimen_001_D6_D06_076.722245.fcs	TBAgs/20170612_RSTR_OMIP14_ICS_Batch2/20170614_RSTR_OMIP14_ICS_Batch2
Specimen_001_D6_D06_176.fcs	Specimen_001_D6_D06_176.722235.fcs	TBAgs/20170612_RSTR_OMIP14_ICS_Batch2/20170614_RSTR_OMIP14_ICS_Batch2
Specimen_001_D8_D08_038.fcs	Specimen_001_D8_D08_038.722202.fcs	TBAgs/20170612_RSTR_OMIP14_ICS_Batch2/20170614_RSTR_OMIP14_ICS_Batch2
Specimen_001_D8_D08_078.fcs	Specimen_001_D8_D08_078.722246.fcs	TBAgs/20170612_RSTR_OMIP14_ICS_Batch2/20170614_RSTR_OMIP14_ICS_Batch2
Specimen_001_D8_D08_178.fcs	Specimen_001_D8_D08_178.722236.fcs	TBAgs/20170612_RSTR_OMIP14_ICS_Batch2/20170614_RSTR_OMIP14_ICS_Batch2
Specimen_001_E10_E10_090.fcs	Specimen_001_E10_E10_090.722242.fcs	TBAgs/20170612_RSTR_OMIP14_ICS_Batch2/20170614_RSTR_OMIP14_ICS_Batch2
Specimen_001_E10_E10_190.fcs	Specimen_001_E10_E10_190.722188.fcs	TBAgs/20170612_RSTR_OMIP14_ICS_Batch2/20170614_RSTR_OMIP14_ICS_Batch2
Specimen_001_E2_E02_082.fcs	Specimen_001_E2_E02_082.722238.fcs	TBAgs/20170612_RSTR_OMIP14_ICS_Batch2/20170614_RSTR_OMIP14_ICS_Batch2
Specimen_001_E2_E02_182.fcs	Specimen_001_E2_E02_182.722172.fcs	TBAgs/20170612_RSTR_OMIP14_ICS_Batch2/20170614_RSTR_OMIP14_ICS_Batch2
Specimen_001_E4_E04_084.fcs	Specimen_001_E4_E04_084.722239.fcs	TBAgs/20170612_RSTR_OMIP14_ICS_Batch2/20170614_RSTR_OMIP14_ICS_Batch2
Specimen_001_E4_E04_184.fcs	Specimen_001_E4_E04_184.722185.fcs	TBAgs/20170612_RSTR_OMIP14_ICS_Batch2/20170614_RSTR_OMIP14_ICS_Batch2
Specimen_001_E6_E06_086.fcs	Specimen_001_E6_E06_086.722240.fcs	TBAgs/20170612_RSTR_OMIP14_ICS_Batch2/20170614_RSTR_OMIP14_ICS_Batch2
Specimen_001_E6_E06_186.fcs	Specimen_001_E6_E06_186.722186.fcs	TBAgs/20170612_RSTR_OMIP14_ICS_Batch2/20170614_RSTR_OMIP14_ICS_Batch2
Specimen_001_E8_E08_088.fcs	Specimen_001_E8_E08_088.722241.fcs	TBAgs/20170612_RSTR_OMIP14_ICS_Batch2/20170614_RSTR_OMIP14_ICS_Batch2
Specimen_001_E8_E08_188.fcs	Specimen_001_E8_E08_188.722187.fcs	TBAgs/20170612_RSTR_OMIP14_ICS_Batch2/20170614_RSTR_OMIP14_ICS_Batch2
Specimen_001_F10_F10_200.fcs	Specimen_001_F10_F10_200.722292.fcs	TBAgs/20170612_RSTR_OMIP14_ICS_Batch2/20170614_RSTR_OMIP14_ICS_Batch2
Specimen_001_F2_F02_092.fcs	Specimen_001_F2_F02_092.722219.fcs	TBAgs/20170612_RSTR_OMIP14_ICS_Batch2/20170614_RSTR_OMIP14_ICS_Batch2
Specimen_001_F2_F02_192.fcs	Specimen_001_F2_F02_192.722288.fcs	TBAgs/20170612_RSTR_OMIP14_ICS_Batch2/20170614_RSTR_OMIP14_ICS_Batch2
Specimen_001_F4_F04_094.fcs	Specimen_001_F4_F04_094.722220.fcs	TBAgs/20170612_RSTR_OMIP14_ICS_Batch2/20170614_RSTR_OMIP14_ICS_Batch2
Specimen_001_F4_F04_194.fcs	Specimen_001_F4_F04_194.722289.fcs	TBAgs/20170612_RSTR_OMIP14_ICS_Batch2/20170614_RSTR_OMIP14_ICS_Batch2
Specimen_001_F6_F06_096.fcs	Specimen_001_F6_F06_096.722221.fcs	TBAgs/20170612_RSTR_OMIP14_ICS_Batch2/20170614_RSTR_OMIP14_ICS_Batch2
Specimen_001_F6_F06_196.fcs	Specimen_001_F6_F06_196.722290.fcs	TBAgs/20170612_RSTR_OMIP14_ICS_Batch2/20170614_RSTR_OMIP14_ICS_Batch2
Specimen_001_F8_F08_098.fcs	Specimen_001_F8_F08_098.722222.fcs	TBAgs/20170612_RSTR_OMIP14_ICS_Batch2/20170614_RSTR_OMIP14_ICS_Batch2
Specimen_001_F8_F08_198.fcs	Specimen_001_F8_F08_198.722291.fcs	TBAgs/20170612_RSTR_OMIP14_ICS_Batch2/20170614_RSTR_OMIP14_ICS_Batch2
Specimen_001_G10_G10_110.fcs	Specimen_001_G10_G10_110.722193.fcs	TBAgs/20170612_RSTR_OMIP14_ICS_Batch2/20170614_RSTR_OMIP14_ICS_Batch2
Specimen_001_G10_G10_210.fcs	Specimen_001_G10_G10_210.722287.fcs	TBAgs/20170612_RSTR_OMIP14_ICS_Batch2/20170614_RSTR_OMIP14_ICS_Batch2
Specimen_001_G2_G02_102.fcs	Specimen_001_G2_G02_102.722189.fcs	TBAgs/20170612_RSTR_OMIP14_ICS_Batch2/20170614_RSTR_OMIP14_ICS_Batch2
Specimen_001_G2_G02_202.fcs	Specimen_001_G2_G02_202.722283.fcs	TBAgs/20170612_RSTR_OMIP14_ICS_Batch2/20170614_RSTR_OMIP14_ICS_Batch2
Specimen_001_G4_G04_104.fcs	Specimen_001_G4_G04_104.722190.fcs	TBAgs/20170612_RSTR_OMIP14_ICS_Batch2/20170614_RSTR_OMIP14_ICS_Batch2
Specimen_001_G4_G04_204.fcs	Specimen_001_G4_G04_204.722284.fcs	TBAgs/20170612_RSTR_OMIP14_ICS_Batch2/20170614_RSTR_OMIP14_ICS_Batch2
Specimen_001_G6_G06_106.fcs	Specimen_001_G6_G06_106.722191.fcs	TBAgs/20170612_RSTR_OMIP14_ICS_Batch2/20170614_RSTR_OMIP14_ICS_Batch2
Specimen_001_G6_G06_206.fcs	Specimen_001_G6_G06_206.722285.fcs	TBAgs/20170612_RSTR_OMIP14_ICS_Batch2/20170614_RSTR_OMIP14_ICS_Batch2
Specimen_001_G8_G08_108.fcs	Specimen_001_G8_G08_108.722192.fcs	TBAgs/20170612_RSTR_OMIP14_ICS_Batch2/20170614_RSTR_OMIP14_ICS_Batch2
Specimen_001_G8_G08_208.fcs	Specimen_001_G8_G08_208.722286.fcs	TBAgs/20170612_RSTR_OMIP14_ICS_Batch2/20170614_RSTR_OMIP14_ICS_Batch2
Specimen_001_H10_H10_120.fcs	Specimen_001_H10_H10_120.722198.fcs	TBAgs/20170612_RSTR_OMIP14_ICS_Batch2/20170614_RSTR_OMIP14_ICS_Batch2
Specimen_001_H10_H10_220.fcs	Specimen_001_H10_H10_220.722232.fcs	TBAgs/20170612_RSTR_OMIP14_ICS_Batch2/20170614_RSTR_OMIP14_ICS_Batch2
Specimen_001_H2_H02_112.fcs	Specimen_001_H2_H02_112.722194.fcs	TBAgs/20170612_RSTR_OMIP14_ICS_Batch2/20170614_RSTR_OMIP14_ICS_Batch2
Specimen_001_H2_H02_212.fcs	Specimen_001_H2_H02_212.722228.fcs	TBAgs/20170612_RSTR_OMIP14_ICS_Batch2/20170614_RSTR_OMIP14_ICS_Batch2
Specimen_001_H4_H04_114.fcs	Specimen_001_H4_H04_114.722195.fcs	TBAgs/20170612_RSTR_OMIP14_ICS_Batch2/20170614_RSTR_OMIP14_ICS_Batch2
Specimen_001_H4_H04_214.fcs	Specimen_001_H4_H04_214.722229.fcs	TBAgs/20170612_RSTR_OMIP14_ICS_Batch2/20170614_RSTR_OMIP14_ICS_Batch2
Specimen_001_H6_H06_116.fcs	Specimen_001_H6_H06_116.722196.fcs	TBAgs/20170612_RSTR_OMIP14_ICS_Batch2/20170614_RSTR_OMIP14_ICS_Batch2
Specimen_001_H6_H06_216.fcs	Specimen_001_H6_H06_216.722230.fcs	TBAgs/20170612_RSTR_OMIP14_ICS_Batch2/20170614_RSTR_OMIP14_ICS_Batch2
Specimen_001_H8_H08_118.fcs	Specimen_001_H8_H08_118.722197.fcs	TBAgs/20170612_RSTR_OMIP14_ICS_Batch2/20170614_RSTR_OMIP14_ICS_Batch2
Specimen_001_H8_H08_218.fcs	Specimen_001_H8_H08_218.722231.fcs	TBAgs/20170612_RSTR_OMIP14_ICS_Batch2/20170614_RSTR_OMIP14_ICS_Batch2
